label,trades,wins,losses,win_rate,sharpe,avg_return,total_return,max_dd,avg_winner,avg_loser,stopped_count,stopped_rate
1-day hold,87,46,41,52.87356321839081,0.006087206946014124,0.007575307528627835,0.6590517549906216,-54.82062839336019,3.635737696317274,-4.0630459091610724,0,0.0
2-day hold,87,49,38,56.32183908045977,0.15412534410830317,0.2669794437010212,23.22721160198885,-67.75508072368497,5.027335990986701,-5.871375051483144,0,0.0
5-day hold,87,45,42,51.724137931034484,0.6342751897151082,1.2724476403322464,110.70294470890545,-45.419025229804205,7.7209828397742415,-5.636697216212748,0,0.0
