label,trades,wins,losses,win_rate,sharpe,avg_return,total_return,max_dd,avg_winner,avg_loser,stopped_count,stopped_rate
NFP only,45,25,20,55.55555555555556,-0.1890561848992139,-0.2488864783125667,-11.199891524065501,-58.836023595253934,4.6795376695799975,-6.409416663178272,0,0.0
CPI only,42,25,17,59.523809523809526,1.021699331384897,0.6331379025526773,26.59179190721245,-24.128278783225607,3.6151773347546503,-3.7522142036266937,0,0.0
Core_PCE only,14,8,6,57.14285714285714,-0.2691660415494443,-0.1828377653068192,-2.5597287142954688,-22.488943253707212,3.3415587593542577,-4.882033131521589,0,0.0
ISM_PMI only,6,6,0,100.0,9.873261651392852,3.9525595590549507,23.715357354329704,0.0,3.9525595590549507,0.0,0,0.0
Retail_Sales only,56,26,30,46.42857142857143,-0.5425024122893214,-0.32338766224268445,-18.109709085590328,-37.15386092496375,3.3058428632280434,-3.4687207843173145,0,0.0
