label,trades,wins,losses,win_rate,sharpe,avg_return,total_return,max_dd,avg_winner,avg_loser,stopped_count,stopped_rate
"Baseline (2d, no stop)",163,90,73,55.21472392638037,0.12979944184981987,0.11311545973982125,18.437819937590863,-58.836023595253934,3.8196401886828792,-4.456572562244771,0,0.0
Tight thresholds (2d),182,99,83,54.395604395604394,0.12463964293205403,0.10727222435194893,19.523544832054704,-55.27127695035866,3.891481371480519,-4.406423023427912,0,0.0
Wide thresholds (2d),159,86,73,54.088050314465406,-0.0020921500766364065,-0.001827261537861074,-0.29053458451991077,-58.99901371227058,3.779526307666841,-4.456572562244771,0,0.0
