train_period,test_period,train_trades,train_sharpe,train_win_rate,test_trades,test_sharpe,test_win_rate,sharpe_delta
2020-2021,2022,35,0.8228056117288717,42.857142857142854,20,2.2202243350518085,60.0,1.3974187233229367
2020-2022,2023,55,1.1585438883337809,49.09090909090909,14,0.8904025304324519,50.0,-0.268141357901329
2021-2022,2023,40,1.3897972199196769,52.5,14,0.8904025304324519,50.0,-0.499394689487225
2020-2023,2024,69,1.097804366420827,49.275362318840585,18,2.0965794553671557,61.111111111111114,0.9987750889463287
2021-2023,2024,54,1.2508537686725745,51.85185185185185,18,2.0965794553671557,61.111111111111114,0.8457256866945813
