label,trades,wins,losses,win_rate,sharpe,avg_return,total_return,max_dd,avg_winner,avg_loser,stopped_count,stopped_rate
CPI 5d no-stop (2010-2019),105,58,47,55.23809523809524,0.39670279867391317,0.7319759218626495,76.85747179557819,-59.948882550777924,5.232148231508458,-4.821428204934306,0,0.0
CPI 5d OHLC2% (2010-2019),105,48,57,45.714285714285715,0.9565331461824457,1.3095472075400498,137.50245679170524,-24.168833905861614,5.668195156965358,-2.3608931709233683,56,53.333333333333336
CPI 5d OHLC3% (2010-2019),105,49,56,46.666666666666664,0.6327527364937554,0.9289707138872305,97.5419249581592,-34.17083828289997,5.582815560573019,-3.1431435269628345,50,47.61904761904761
