period,events,sharpe,win_rate,total_return
Train 2010-2019,107,0.6327527364937554,46.666666666666664,97.5419249581592
Test 2020-2024,59,0.8310780104862742,45.76271186440678,90.38323114540907
